n_features,fold,roc_auc,average_precision,balanced_accuracy,accuracy,f1,precision,recall,sensitivity,specificity,brier_score
1,0,0.47916666666666663,0.17990430622009568,0.40625,0.6842105263157895,0.0,0.0,0.0,0.0,0.8125,0.2721650554997256
1,1,0.9166666666666666,0.5888888888888889,0.875,0.7894736842105263,0.6,0.42857142857142855,1.0,1.0,0.75,0.14485717292464298
1,2,0.9000000000000001,0.6916666666666667,0.8666666666666667,0.7894736842105263,0.6666666666666666,0.5,1.0,1.0,0.7333333333333333,0.16518217902771448
1,3,0.775,0.494298245614035,0.7166666666666667,0.8421052631578947,0.5714285714285714,0.6666666666666666,0.5,0.5,0.9333333333333333,0.13843918128654972
1,4,0.8444444444444446,0.4444444444444445,0.7666666666666666,0.8333333333333334,0.5714285714285714,0.5,0.6666666666666666,0.6666666666666666,0.8666666666666667,0.1505057130199203
1,5,0.6666666666666666,0.28968253968253965,0.5104166666666666,0.631578947368421,0.2222222222222222,0.16666666666666666,0.3333333333333333,0.3333333333333333,0.6875,0.2393561403508772
1,6,0.625,0.38596491228070173,0.7708333333333333,0.8421052631578947,0.5714285714285714,0.5,0.6666666666666666,0.6666666666666666,0.875,0.134194295177773
1,7,0.8916666666666667,0.5666666666666667,0.9333333333333333,0.8947368421052632,0.8,0.6666666666666666,1.0,1.0,0.8666666666666667,0.11443123799960846
1,8,0.5416666666666667,0.31359649122807015,0.65,0.7368421052631579,0.4444444444444444,0.4,0.5,0.5,0.8,0.2065983817290206
1,9,0.611111111111111,0.3,0.7333333333333334,0.7777777777777778,0.5,0.4,0.6666666666666666,0.6666666666666666,0.8,0.19942383986950438
1,10,0.9375,0.8333333333333333,0.7708333333333333,0.8421052631578947,0.5714285714285714,0.5,0.6666666666666666,0.6666666666666666,0.875,0.09075204678362574
1,11,0.375,0.21637426900584794,0.5729166666666666,0.7368421052631579,0.2857142857142857,0.25,0.3333333333333333,0.3333333333333333,0.8125,0.23218914346880604
1,12,0.41666666666666663,0.24013157894736842,0.4666666666666667,0.7368421052631579,0.0,0.0,0.0,0.0,0.9333333333333333,0.28237380453669925
1,13,0.925,0.7333333333333333,0.8083333333333333,0.8421052631578947,0.6666666666666666,0.6,0.75,0.75,0.8666666666666667,0.1310555783638376
1,14,0.7222222222222222,0.4444444444444444,0.7666666666666666,0.8333333333333334,0.5714285714285714,0.5,0.6666666666666666,0.6666666666666666,0.8666666666666667,0.14711664048565676
2,0,0.5,0.20324074074074072,0.40625,0.6842105263157895,0.0,0.0,0.0,0.0,0.8125,0.253804982683462
2,1,0.875,0.5317460317460317,0.7708333333333333,0.8421052631578947,0.5714285714285714,0.5,0.6666666666666666,0.6666666666666666,0.875,0.12897804186999554
2,2,0.8333333333333334,0.5111111111111111,0.775,0.7894736842105263,0.6,0.5,0.75,0.75,0.8,0.16951597719362627
2,3,0.75,0.5416666666666666,0.7166666666666667,0.8421052631578947,0.5714285714285714,0.6666666666666666,0.5,0.5,0.9333333333333333,0.1472343231957037
2,4,0.8222222222222222,0.5,0.8,0.8888888888888888,0.6666666666666666,0.6666666666666666,0.6666666666666666,0.6666666666666666,0.9333333333333333,0.14879683088113194
2,5,0.8333333333333334,0.4206349206349207,0.875,0.7894736842105263,0.6,0.42857142857142855,1.0,1.0,0.75,0.16882942597658795
2,6,0.625,0.32857142857142857,0.5729166666666666,0.7368421052631579,0.2857142857142857,0.25,0.3333333333333333,0.3333333333333333,0.8125,0.1778268184817101
2,7,0.8666666666666667,0.525,0.4666666666666667,0.7368421052631579,0.0,0.0,0.0,0.0,0.9333333333333333,0.12005162314660607
2,8,0.6916666666666667,0.46929824561403505,0.5916666666666667,0.7894736842105263,0.3333333333333333,0.5,0.25,0.25,0.9333333333333333,0.16353820132749672
2,9,0.7333333333333333,0.3277777777777778,0.5666666666666667,0.7222222222222222,0.2857142857142857,0.25,0.3333333333333333,0.3333333333333333,0.8,0.17826625421036646
2,10,0.7708333333333333,0.37777777777777777,0.6041666666666666,0.7894736842105263,0.3333333333333333,0.3333333333333333,0.3333333333333333,0.3333333333333333,0.875,0.14115736210952598
2,11,0.46875,0.27485380116959063,0.5729166666666666,0.7368421052631579,0.2857142857142857,0.25,0.3333333333333333,0.3333333333333333,0.8125,0.20313128027829117
2,12,0.5833333333333334,0.27294372294372293,0.36666666666666664,0.5789473684210527,0.0,0.0,0.0,0.0,0.7333333333333333,0.26710196930358654
2,13,0.9,0.6916666666666667,0.9333333333333333,0.8947368421052632,0.8,0.6666666666666666,1.0,1.0,0.8666666666666667,0.12222012863028184
2,14,0.888888888888889,0.5333333333333333,0.6,0.7777777777777778,0.3333333333333333,0.3333333333333333,0.3333333333333333,0.3333333333333333,0.8666666666666667,0.1112389825203136
3,0,0.49999999999999994,0.2,0.46875,0.7894736842105263,0.0,0.0,0.0,0.0,0.9375,0.1763513547046381
3,1,0.9583333333333334,0.8666666666666667,0.7708333333333333,0.8421052631578947,0.5714285714285714,0.5,0.6666666666666666,0.6666666666666666,0.875,0.08643088486738808
3,2,0.6166666666666667,0.30627705627705626,0.55,0.5789473684210527,0.3333333333333333,0.25,0.5,0.5,0.6,0.2493835004709728
3,3,0.8,0.8125,0.875,0.9473684210526315,0.8571428571428571,1.0,0.75,0.75,1.0,0.10583907630690682
3,4,0.9555555555555556,0.8055555555555556,0.9333333333333333,0.8888888888888888,0.75,0.6,1.0,1.0,0.8666666666666667,0.10484320077298703
3,5,1.0,1.0,0.90625,0.8421052631578947,0.6666666666666666,0.5,1.0,1.0,0.8125,0.11235274900382863
3,6,0.5208333333333333,0.21249999999999997,0.46875,0.7894736842105263,0.0,0.0,0.0,0.0,0.9375,0.17157792435974614
3,7,0.9833333333333334,0.95,0.9666666666666667,0.9473684210526315,0.8888888888888888,0.8,1.0,1.0,0.9333333333333333,0.07261264028500079
3,8,0.75,0.5416666666666666,0.5916666666666667,0.7894736842105263,0.3333333333333333,0.5,0.25,0.25,0.9333333333333333,0.15206864674694603
3,9,0.6888888888888889,0.3277777777777778,0.7333333333333334,0.7777777777777778,0.5,0.4,0.6666666666666666,0.6666666666666666,0.8,0.175703127729628
3,10,0.9375,0.6388888888888888,0.8020833333333333,0.8947368421052632,0.6666666666666666,0.6666666666666666,0.6666666666666666,0.6666666666666666,0.9375,0.10821251858148442
3,11,0.5208333333333333,0.22549019607843135,0.5,0.8421052631578947,0.0,0.0,0.0,0.0,1.0,0.15443241331468816
3,12,0.6833333333333333,0.32628968253968255,0.36666666666666664,0.5789473684210527,0.0,0.0,0.0,0.0,0.7333333333333333,0.226571091301307
3,13,0.9333333333333333,0.875,0.8416666666666667,0.8947368421052632,0.75,0.75,0.75,0.75,0.9333333333333333,0.10435976428595681
3,14,0.8,0.75,0.8333333333333333,0.9444444444444444,0.8,1.0,0.6666666666666666,0.6666666666666666,1.0,0.11007528112958738
4,0,0.5625,0.27222222222222225,0.40625,0.6842105263157895,0.0,0.0,0.0,0.0,0.8125,0.16193240316242283
4,1,0.875,0.6428571428571428,0.6041666666666666,0.7894736842105263,0.3333333333333333,0.3333333333333333,0.3333333333333333,0.3333333333333333,0.875,0.10817163618413995
4,2,0.7,0.3742424242424242,0.6166666666666667,0.6842105263157895,0.4,0.3333333333333333,0.5,0.5,0.7333333333333333,0.21451164084409707
4,3,0.7666666666666666,0.8055555555555556,0.8416666666666667,0.8947368421052632,0.75,0.75,0.75,0.75,0.9333333333333333,0.11110288061110359
4,4,1.0,1.0,0.9666666666666667,0.9444444444444444,0.8571428571428571,0.75,1.0,1.0,0.9333333333333333,0.08476732956165273
4,5,0.9583333333333334,0.8666666666666667,0.9375,0.8947368421052632,0.75,0.6,1.0,1.0,0.875,0.1180663778843371
4,6,0.5520833333333334,0.22440476190476188,0.5,0.8421052631578947,0.0,0.0,0.0,0.0,1.0,0.15818776947784147
4,7,0.9666666666666667,0.8875,0.7166666666666667,0.8421052631578947,0.5714285714285714,0.6666666666666666,0.5,0.5,0.9333333333333333,0.09096562176351725
4,8,0.7083333333333334,0.5317982456140351,0.5916666666666667,0.7894736842105263,0.3333333333333333,0.5,0.25,0.25,0.9333333333333333,0.16620922554606826
4,9,0.888888888888889,0.5555555555555556,0.7333333333333334,0.7777777777777778,0.5,0.4,0.6666666666666666,0.6666666666666666,0.8,0.1279192448935105
4,10,0.8958333333333334,0.6666666666666667,0.7708333333333333,0.8421052631578947,0.5714285714285714,0.5,0.6666666666666666,0.6666666666666666,0.875,0.0981862373861015
4,11,0.4375,0.27350427350427353,0.5,0.8421052631578947,0.0,0.0,0.0,0.0,1.0,0.14858710551258208
4,12,0.7,0.3404761904761905,0.49166666666666664,0.631578947368421,0.2222222222222222,0.2,0.25,0.25,0.7333333333333333,0.23282207542310823
4,13,0.9500000000000001,0.8928571428571428,0.8416666666666667,0.8947368421052632,0.75,0.75,0.75,0.75,0.9333333333333333,0.0962115198859654
4,14,0.888888888888889,0.7916666666666666,0.7666666666666666,0.8333333333333334,0.5714285714285714,0.5,0.6666666666666666,0.6666666666666666,0.8666666666666667,0.09792597089702151
5,0,0.5625,0.25,0.5,0.8421052631578947,0.0,0.0,0.0,0.0,1.0,0.1446105263157895
5,1,0.9166666666666666,0.5888888888888889,0.6354166666666666,0.8421052631578947,0.4,0.5,0.3333333333333333,0.3333333333333333,0.9375,0.09284794717896101
5,2,0.7500000000000001,0.5873397435897436,0.6166666666666667,0.6842105263157895,0.4,0.3333333333333333,0.5,0.5,0.7333333333333333,0.16605348771951398
5,3,0.85,0.8269230769230769,0.8416666666666667,0.8947368421052632,0.75,0.75,0.75,0.75,0.9333333333333333,0.09985896288938703
5,4,0.9777777777777777,0.9166666666666665,0.9333333333333333,0.8888888888888888,0.75,0.6,1.0,1.0,0.8666666666666667,0.10174398323677934
5,5,1.0,1.0,0.875,0.7894736842105263,0.6,0.42857142857142855,1.0,1.0,0.75,0.12742224037000682
5,6,0.6875,0.5,0.6041666666666666,0.7894736842105263,0.3333333333333333,0.3333333333333333,0.3333333333333333,0.3333333333333333,0.875,0.14649434638346315
5,7,0.9833333333333334,0.95,0.75,0.8947368421052632,0.6666666666666666,1.0,0.5,0.5,1.0,0.06918772425220024
5,8,0.8333333333333334,0.6416666666666666,0.7166666666666667,0.8421052631578947,0.5714285714285714,0.6666666666666666,0.5,0.5,0.9333333333333333,0.11589876567437107
5,9,0.888888888888889,0.5555555555555556,0.7666666666666666,0.8333333333333334,0.5714285714285714,0.5,0.6666666666666666,0.6666666666666666,0.8666666666666667,0.11299763510771618
5,10,0.9375,0.7555555555555555,0.7708333333333333,0.8421052631578947,0.5714285714285714,0.5,0.6666666666666666,0.6666666666666666,0.875,0.09658430653548225
5,11,0.5208333333333333,0.45138888888888884,0.5,0.8421052631578947,0.0,0.0,0.0,0.0,1.0,0.1320172201061625
5,12,0.6833333333333333,0.34375,0.525,0.6842105263157895,0.25,0.25,0.25,0.25,0.8,0.1965111111111111
5,13,0.9333333333333333,0.875,0.8416666666666667,0.8947368421052632,0.75,0.75,0.75,0.75,0.9333333333333333,0.09810849192888901
5,14,0.8222222222222222,0.6555555555555554,0.8,0.8888888888888888,0.6666666666666666,0.6666666666666666,0.6666666666666666,0.6666666666666666,0.9333333333333333,0.10900969274837609
6,0,0.6875,0.28535353535353536,0.5,0.8421052631578947,0.0,0.0,0.0,0.0,1.0,0.13650937361480042
6,1,0.9166666666666666,0.5888888888888889,0.8020833333333333,0.8947368421052632,0.6666666666666666,0.6666666666666666,0.6666666666666666,0.6666666666666666,0.9375,0.09489112849078078
6,2,0.7166666666666667,0.4206730769230769,0.5583333333333333,0.7368421052631579,0.2857142857142857,0.3333333333333333,0.25,0.25,0.8666666666666667,0.15372748538011696
6,3,0.8,0.7541666666666667,0.8416666666666667,0.8947368421052632,0.75,0.75,0.75,0.75,0.9333333333333333,0.12994738446650114
6,4,1.0,1.0,0.9333333333333333,0.8888888888888888,0.75,0.6,1.0,1.0,0.8666666666666667,0.0734372948791141
6,5,0.9583333333333334,0.8666666666666667,0.9375,0.8947368421052632,0.75,0.6,1.0,1.0,0.875,0.11747657457733536
6,6,0.6875,0.37142857142857144,0.6041666666666666,0.7894736842105263,0.3333333333333333,0.3333333333333333,0.3333333333333333,0.3333333333333333,0.875,0.14693625346153794
6,7,0.9833333333333334,0.95,0.8416666666666667,0.8947368421052632,0.75,0.75,0.75,0.75,0.9333333333333333,0.06602022583758789
6,8,0.8166666666666667,0.5932539682539683,0.625,0.8421052631578947,0.4,1.0,0.25,0.25,1.0,0.13708518047887944
6,9,0.888888888888889,0.5555555555555556,0.7666666666666666,0.8333333333333334,0.5714285714285714,0.5,0.6666666666666666,0.6666666666666666,0.8666666666666667,0.10331185588411101
6,10,0.9375,0.7555555555555555,0.8020833333333333,0.8947368421052632,0.6666666666666666,0.6666666666666666,0.6666666666666666,0.6666666666666666,0.9375,0.08438575445419923
6,11,0.5416666666666666,0.28888888888888886,0.5,0.8421052631578947,0.0,0.0,0.0,0.0,1.0,0.13712105263157892
6,12,0.7166666666666667,0.5060876623376623,0.49166666666666664,0.631578947368421,0.2222222222222222,0.2,0.25,0.25,0.7333333333333333,0.2023548888447597
6,13,0.9500000000000001,0.8928571428571428,0.875,0.9473684210526315,0.8571428571428571,1.0,0.75,0.75,1.0,0.09105984705651231
6,14,0.9333333333333333,0.8333333333333333,0.7666666666666666,0.8333333333333334,0.5714285714285714,0.5,0.6666666666666666,0.6666666666666666,0.8666666666666667,0.11192917868146154
7,0,0.6979166666666666,0.3213675213675214,0.5,0.8421052631578947,0.0,0.0,0.0,0.0,1.0,0.14369941520467835
7,1,0.9166666666666666,0.5888888888888889,0.8020833333333333,0.8947368421052632,0.6666666666666666,0.6666666666666666,0.6666666666666666,0.6666666666666666,0.9375,0.09255938798955438
7,2,0.7333333333333334,0.5769230769230769,0.5916666666666667,0.7894736842105263,0.3333333333333333,0.5,0.25,0.25,0.9333333333333333,0.14873801169590647
7,3,0.7833333333333333,0.75,0.8416666666666667,0.8947368421052632,0.75,0.75,0.75,0.75,0.9333333333333333,0.13138631472346926
7,4,0.9333333333333333,0.7555555555555555,0.8,0.8888888888888888,0.6666666666666666,0.6666666666666666,0.6666666666666666,0.6666666666666666,0.9333333333333333,0.08988596114399204
7,5,0.9583333333333334,0.8666666666666667,0.9375,0.8947368421052632,0.75,0.6,1.0,1.0,0.875,0.11032353161675479
7,6,0.6666666666666666,0.5291666666666667,0.6354166666666666,0.8421052631578947,0.4,0.5,0.3333333333333333,0.3333333333333333,0.9375,0.1413568192509326
7,7,0.9833333333333334,0.95,0.8416666666666667,0.8947368421052632,0.75,0.75,0.75,0.75,0.9333333333333333,0.06164022797322258
7,8,0.8,0.5909090909090909,0.625,0.8421052631578947,0.4,1.0,0.25,0.25,1.0,0.1414362934868353
7,9,0.888888888888889,0.6666666666666667,0.6,0.7777777777777778,0.3333333333333333,0.3333333333333333,0.3333333333333333,0.3333333333333333,0.8666666666666667,0.09983572288010772
7,10,0.9166666666666666,0.7222222222222222,0.6354166666666666,0.8421052631578947,0.4,0.5,0.3333333333333333,0.3333333333333333,0.9375,0.07808830409356725
7,11,0.6041666666666666,0.31025641025641026,0.5,0.8421052631578947,0.0,0.0,0.0,0.0,1.0,0.1385576191807099
7,12,0.6333333333333333,0.2956709956709957,0.49166666666666664,0.631578947368421,0.2222222222222222,0.2,0.25,0.25,0.7333333333333333,0.21587154456359128
7,13,0.9666666666666667,0.9166666666666666,0.875,0.9473684210526315,0.8571428571428571,1.0,0.75,0.75,1.0,0.07773818161862846
7,14,0.888888888888889,0.7916666666666666,0.7666666666666666,0.8333333333333334,0.5714285714285714,0.5,0.6666666666666666,0.6666666666666666,0.8666666666666667,0.11193757223423474
8,0,0.6458333333333333,0.26111111111111107,0.4375,0.7368421052631579,0.0,0.0,0.0,0.0,0.875,0.17348494613059326
8,1,0.9375,0.7555555555555555,0.8020833333333333,0.8947368421052632,0.6666666666666666,0.6666666666666666,0.6666666666666666,0.6666666666666666,0.9375,0.08155866793031297
8,2,0.75,0.6602564102564102,0.65,0.7368421052631579,0.4444444444444444,0.4,0.5,0.5,0.8,0.16069509817203084
8,3,0.7583333333333333,0.5714285714285714,0.625,0.8421052631578947,0.4,1.0,0.25,0.25,1.0,0.12259005847953215
8,4,0.9555555555555556,0.8055555555555556,0.8,0.8888888888888888,0.6666666666666666,0.6666666666666666,0.6666666666666666,0.6666666666666666,0.9333333333333333,0.0787106884544222
8,5,0.9583333333333334,0.8666666666666667,0.90625,0.8421052631578947,0.6666666666666666,0.5,1.0,1.0,0.8125,0.10169687524113083
8,6,0.6041666666666666,0.3366013071895425,0.5,0.8421052631578947,0.0,0.0,0.0,0.0,1.0,0.1330608187134503
8,7,1.0,1.0,0.9666666666666667,0.9473684210526315,0.8888888888888888,0.8,1.0,1.0,0.9333333333333333,0.0673190081752065
8,8,0.8500000000000001,0.6488095238095238,0.5916666666666667,0.7894736842105263,0.3333333333333333,0.5,0.25,0.25,0.9333333333333333,0.13541477252015272
8,9,0.888888888888889,0.6666666666666667,0.6,0.7777777777777778,0.3333333333333333,0.3333333333333333,0.3333333333333333,0.3333333333333333,0.8666666666666667,0.09802007097698523
8,10,0.9375,0.7555555555555555,0.9375,0.8947368421052632,0.75,0.6,1.0,1.0,0.875,0.08402764952363163
8,11,0.7083333333333333,0.35,0.5,0.8421052631578947,0.0,0.0,0.0,0.0,1.0,0.1335299601648207
8,12,0.6666666666666667,0.33733974358974356,0.49166666666666664,0.631578947368421,0.2222222222222222,0.2,0.25,0.25,0.7333333333333333,0.19743357003604736
8,13,0.9666666666666667,0.9166666666666666,0.875,0.9473684210526315,0.8571428571428571,1.0,0.75,0.75,1.0,0.0772302702964633
8,14,0.888888888888889,0.7916666666666666,0.7666666666666666,0.8333333333333334,0.5714285714285714,0.5,0.6666666666666666,0.6666666666666666,0.8666666666666667,0.103619820524991
9,0,0.7083333333333334,0.2944444444444444,0.4375,0.7368421052631579,0.0,0.0,0.0,0.0,0.875,0.16407123818124075
9,1,0.9166666666666666,0.7222222222222222,0.6354166666666666,0.8421052631578947,0.4,0.5,0.3333333333333333,0.3333333333333333,0.9375,0.09313756151769319
9,2,0.8500000000000001,0.7182539682539683,0.65,0.7368421052631579,0.4444444444444444,0.4,0.5,0.5,0.8,0.1483011713709478
9,3,0.8333333333333334,0.7333333333333334,0.625,0.8421052631578947,0.4,1.0,0.25,0.25,1.0,0.11908659440906581
9,4,0.9555555555555556,0.8666666666666667,0.8,0.8888888888888888,0.6666666666666666,0.6666666666666666,0.6666666666666666,0.6666666666666666,0.9333333333333333,0.07837307416222498
9,5,0.9583333333333334,0.8666666666666667,0.90625,0.8421052631578947,0.6666666666666666,0.5,1.0,1.0,0.8125,0.1039816698094236
9,6,0.6875,0.5625,0.6354166666666666,0.8421052631578947,0.4,0.5,0.3333333333333333,0.3333333333333333,0.9375,0.13080145745527735
9,7,1.0,1.0,0.625,0.8421052631578947,0.4,1.0,0.25,0.25,1.0,0.08592397660818714
9,8,0.8666666666666667,0.5666666666666667,0.5916666666666667,0.7894736842105263,0.3333333333333333,0.5,0.25,0.25,0.9333333333333333,0.12950199744584331
9,9,0.8666666666666667,0.6428571428571428,0.6333333333333333,0.8333333333333334,0.4,0.5,0.3333333333333333,0.3333333333333333,0.9333333333333333,0.09586298037171433
9,10,0.9166666666666666,0.7,0.9375,0.8947368421052632,0.75,0.6,1.0,1.0,0.875,0.0890489771822361
9,11,0.6875,0.33882783882783885,0.5,0.8421052631578947,0.0,0.0,0.0,0.0,1.0,0.13448830409356724
9,12,0.6333333333333333,0.31858974358974357,0.49166666666666664,0.631578947368421,0.2222222222222222,0.2,0.25,0.25,0.7333333333333333,0.20676947545336732
9,13,0.9833333333333334,0.95,0.75,0.8947368421052632,0.6666666666666666,1.0,0.5,0.5,1.0,0.06920489117500984
9,14,0.8444444444444444,0.7666666666666666,0.8,0.8888888888888888,0.6666666666666666,0.6666666666666666,0.6666666666666666,0.6666666666666666,0.9333333333333333,0.1008092517938436
10,0,0.7291666666666666,0.30277777777777776,0.4375,0.7368421052631579,0.0,0.0,0.0,0.0,0.875,0.1649566977204314
10,1,0.9375,0.6388888888888888,0.6354166666666666,0.8421052631578947,0.4,0.5,0.3333333333333333,0.3333333333333333,0.9375,0.09034845875868433
10,2,0.7833333333333334,0.6071428571428571,0.625,0.8421052631578947,0.4,1.0,0.25,0.25,1.0,0.1343941294566892
10,3,0.8166666666666667,0.6238095238095238,0.7166666666666667,0.8421052631578947,0.5714285714285714,0.6666666666666666,0.5,0.5,0.9333333333333333,0.11990479407098027
10,4,0.9555555555555556,0.8666666666666667,0.8,0.8888888888888888,0.6666666666666666,0.6666666666666666,0.6666666666666666,0.6666666666666666,0.9333333333333333,0.07973293462796584
10,5,0.9375,0.8333333333333333,0.8020833333333333,0.8947368421052632,0.6666666666666666,0.6666666666666666,0.6666666666666666,0.6666666666666666,0.9375,0.09420039559422527
10,6,0.7291666666666666,0.5435897435897437,0.6666666666666666,0.8947368421052632,0.5,1.0,0.3333333333333333,0.3333333333333333,1.0,0.12801172835475394
10,7,1.0,1.0,0.75,0.8947368421052632,0.6666666666666666,1.0,0.5,0.5,1.0,0.07532724480608384
10,8,0.9166666666666667,0.7333333333333333,0.5916666666666667,0.7894736842105263,0.3333333333333333,0.5,0.25,0.25,0.9333333333333333,0.12960422912572078
10,9,0.9333333333333333,0.7555555555555555,0.6333333333333333,0.8333333333333334,0.4,0.5,0.3333333333333333,0.3333333333333333,0.9333333333333333,0.08487982236857633
10,10,1.0,1.0,0.96875,0.9473684210526315,0.8571428571428571,0.75,1.0,1.0,0.9375,0.07207800638892846
10,11,0.7291666666666666,0.5194805194805194,0.5,0.8421052631578947,0.0,0.0,0.0,0.0,1.0,0.12053982308884832
10,12,0.6666666666666667,0.3151785714285714,0.49166666666666664,0.631578947368421,0.2222222222222222,0.2,0.25,0.25,0.7333333333333333,0.20606250623363598
10,13,0.9500000000000001,0.8541666666666666,0.7166666666666667,0.8421052631578947,0.5714285714285714,0.6666666666666666,0.5,0.5,0.9333333333333333,0.09206292556509671
10,14,0.9111111111111112,0.8095238095238095,0.8,0.8888888888888888,0.6666666666666666,0.6666666666666666,0.6666666666666666,0.6666666666666666,0.9333333333333333,0.08554753086419753
11,0,0.7291666666666666,0.3222222222222222,0.4375,0.7368421052631579,0.0,0.0,0.0,0.0,0.875,0.1553272707369533
11,1,0.9166666666666666,0.5888888888888889,0.8020833333333333,0.8947368421052632,0.6666666666666666,0.6666666666666666,0.6666666666666666,0.6666666666666666,0.9375,0.09821732820067916
11,2,0.8666666666666667,0.7361111111111112,0.6833333333333333,0.7894736842105263,0.5,0.5,0.5,0.5,0.8666666666666667,0.1250157894736842
11,3,0.8083333333333333,0.6147186147186148,0.625,0.8421052631578947,0.4,1.0,0.25,0.25,1.0,0.12857426900584792
11,4,0.9555555555555556,0.8666666666666667,0.8333333333333333,0.9444444444444444,0.8,1.0,0.6666666666666666,0.6666666666666666,1.0,0.07127962962962964
11,5,0.9166666666666666,0.8095238095238095,0.8020833333333333,0.8947368421052632,0.6666666666666666,0.6666666666666666,0.6666666666666666,0.6666666666666666,0.9375,0.09447115615422186
11,6,0.6458333333333333,0.3625,0.5,0.8421052631578947,0.0,0.0,0.0,0.0,1.0,0.1269675262138778
11,7,1.0,1.0,0.875,0.9473684210526315,0.8571428571428571,1.0,0.75,0.75,1.0,0.08302190083605421
11,8,0.8833333333333334,0.5845238095238094,0.5916666666666667,0.7894736842105263,0.3333333333333333,0.5,0.25,0.25,0.9333333333333333,0.12520709200990818
11,9,0.9111111111111111,0.7,0.6333333333333333,0.8333333333333334,0.4,0.5,0.3333333333333333,0.3333333333333333,0.9333333333333333,0.09069114238124737
11,10,1.0,1.0,0.96875,0.9473684210526315,0.8571428571428571,0.75,1.0,1.0,0.9375,0.07434615134179229
11,11,0.7083333333333333,0.5074074074074074,0.5,0.8421052631578947,0.0,0.0,0.0,0.0,1.0,0.12452762317401296
11,12,0.6333333333333333,0.29583333333333334,0.49166666666666664,0.631578947368421,0.2222222222222222,0.2,0.25,0.25,0.7333333333333333,0.20605286665127048
11,13,0.9500000000000001,0.8541666666666666,0.75,0.8947368421052632,0.6666666666666666,1.0,0.5,0.5,1.0,0.09220280189680619
11,14,0.9333333333333333,0.8333333333333333,0.8,0.8888888888888888,0.6666666666666666,0.6666666666666666,0.6666666666666666,0.6666666666666666,0.9333333333333333,0.09355617283950618
12,0,0.7083333333333334,0.2944444444444444,0.4375,0.7368421052631579,0.0,0.0,0.0,0.0,0.875,0.15667353359574354
12,1,0.9166666666666666,0.5888888888888888,0.6354166666666666,0.8421052631578947,0.4,0.5,0.3333333333333333,0.3333333333333333,0.9375,0.08206374269005846
12,2,0.8666666666666667,0.7361111111111112,0.75,0.8947368421052632,0.6666666666666666,1.0,0.5,0.5,1.0,0.12208245614035089
12,3,0.8,0.6104166666666666,0.625,0.8421052631578947,0.4,1.0,0.25,0.25,1.0,0.12826198830409358
12,4,0.9333333333333333,0.8333333333333333,0.8,0.8888888888888888,0.6666666666666666,0.6666666666666666,0.6666666666666666,0.6666666666666666,0.9333333333333333,0.08796609558262607
12,5,0.9166666666666666,0.8095238095238095,0.7708333333333333,0.8421052631578947,0.5714285714285714,0.5,0.6666666666666666,0.6666666666666666,0.875,0.09299493402527449
12,6,0.625,0.5222222222222221,0.6666666666666666,0.8947368421052632,0.5,1.0,0.3333333333333333,0.3333333333333333,1.0,0.1231830409356725
12,7,1.0,1.0,0.625,0.8421052631578947,0.4,1.0,0.25,0.25,1.0,0.08128500839266295
12,8,0.8333333333333334,0.5416666666666666,0.5916666666666667,0.7894736842105263,0.3333333333333333,0.5,0.25,0.25,0.9333333333333333,0.12946980342290856
12,9,0.9111111111111111,0.7,0.6,0.7777777777777778,0.3333333333333333,0.3333333333333333,0.3333333333333333,0.3333333333333333,0.8666666666666667,0.09702954780487555
12,10,1.0,1.0,0.96875,0.9473684210526315,0.8571428571428571,0.75,1.0,1.0,0.9375,0.07535290731913118
12,11,0.7291666666666666,0.5194805194805194,0.5,0.8421052631578947,0.0,0.0,0.0,0.0,1.0,0.12241198470724213
12,12,0.6833333333333333,0.33809523809523806,0.49166666666666664,0.631578947368421,0.2222222222222222,0.2,0.25,0.25,0.7333333333333333,0.20994075083298505
12,13,0.9500000000000001,0.8541666666666666,0.75,0.8947368421052632,0.6666666666666666,1.0,0.5,0.5,1.0,0.09210735909177516
12,14,0.9333333333333333,0.8333333333333333,0.8,0.8888888888888888,0.6666666666666666,0.6666666666666666,0.6666666666666666,0.6666666666666666,0.9333333333333333,0.09542412421844988
13,0,0.6875,0.3055555555555556,0.5,0.8421052631578947,0.0,0.0,0.0,0.0,1.0,0.15128412401805938
13,1,0.9166666666666666,0.5888888888888889,0.6354166666666666,0.8421052631578947,0.4,0.5,0.3333333333333333,0.3333333333333333,0.9375,0.08146416744045996
13,2,0.8833333333333334,0.75,0.65,0.7368421052631579,0.4444444444444444,0.4,0.5,0.5,0.8,0.13076167088892018
13,3,0.8166666666666667,0.69375,0.625,0.8421052631578947,0.4,1.0,0.25,0.25,1.0,0.12420818713450292
13,4,0.9555555555555556,0.8666666666666667,0.8,0.8888888888888888,0.6666666666666666,0.6666666666666666,0.6666666666666666,0.6666666666666666,0.9333333333333333,0.08332350805495145
13,5,0.9166666666666666,0.8095238095238095,0.8020833333333333,0.8947368421052632,0.6666666666666666,0.6666666666666666,0.6666666666666666,0.6666666666666666,0.9375,0.07408304093567251
13,6,0.7291666666666667,0.5714285714285714,0.6666666666666666,0.8947368421052632,0.5,1.0,0.3333333333333333,0.3333333333333333,1.0,0.11408948136557771
13,7,1.0,1.0,0.75,0.8947368421052632,0.6666666666666666,1.0,0.5,0.5,1.0,0.08185497076023394
13,8,0.8583333333333333,0.6527777777777778,0.625,0.8421052631578947,0.4,1.0,0.25,0.25,1.0,0.12701111111111113
13,9,0.9111111111111111,0.7,0.6333333333333333,0.8333333333333334,0.4,0.5,0.3333333333333333,0.3333333333333333,0.9333333333333333,0.09776325488302456
13,10,1.0,1.0,0.96875,0.9473684210526315,0.8571428571428571,0.75,1.0,1.0,0.9375,0.08342219976865742
13,11,0.7083333333333333,0.5075757575757576,0.5,0.8421052631578947,0.0,0.0,0.0,0.0,1.0,0.12144561403508772
13,12,0.7166666666666667,0.5047619047619047,0.5583333333333333,0.7368421052631579,0.2857142857142857,0.3333333333333333,0.25,0.25,0.8666666666666667,0.17900350877192983
13,13,0.9666666666666667,0.8875,0.625,0.8421052631578947,0.4,1.0,0.25,0.25,1.0,0.09406374269005846
13,14,0.9333333333333333,0.8333333333333333,0.7666666666666666,0.8333333333333334,0.5714285714285714,0.5,0.6666666666666666,0.6666666666666666,0.8666666666666667,0.09425148590110549
14,0,0.7083333333333334,0.28888888888888886,0.46875,0.7894736842105263,0.0,0.0,0.0,0.0,0.9375,0.154956971085124
14,1,0.9166666666666666,0.5888888888888888,0.6354166666666666,0.8421052631578947,0.4,0.5,0.3333333333333333,0.3333333333333333,0.9375,0.08526491228070174
14,2,0.8833333333333334,0.75,0.65,0.7368421052631579,0.4444444444444444,0.4,0.5,0.5,0.8,0.1332598172860014
14,3,0.8333333333333334,0.698051948051948,0.625,0.8421052631578947,0.4,1.0,0.25,0.25,1.0,0.12016666666666664
14,4,0.9555555555555556,0.8666666666666667,0.8,0.8888888888888888,0.6666666666666666,0.6666666666666666,0.6666666666666666,0.6666666666666666,0.9333333333333333,0.08095061785640527
14,5,0.9375,0.8333333333333333,0.7708333333333333,0.8421052631578947,0.5714285714285714,0.5,0.6666666666666666,0.6666666666666666,0.875,0.08793860685295525
14,6,0.7291666666666666,0.5435897435897437,0.6666666666666666,0.8947368421052632,0.5,1.0,0.3333333333333333,0.3333333333333333,1.0,0.11273216374269007
14,7,1.0,1.0,0.75,0.8947368421052632,0.6666666666666666,1.0,0.5,0.5,1.0,0.08452397660818713
14,8,0.8333333333333334,0.6575757575757576,0.7166666666666667,0.8421052631578947,0.5714285714285714,0.6666666666666666,0.5,0.5,0.9333333333333333,0.12490288193045802
14,9,0.888888888888889,0.5333333333333333,0.6333333333333333,0.8333333333333334,0.4,0.5,0.3333333333333333,0.3333333333333333,0.9333333333333333,0.10122310751417965
14,10,1.0,1.0,0.96875,0.9473684210526315,0.8571428571428571,0.75,1.0,1.0,0.9375,0.08223204804784201
14,11,0.6666666666666666,0.4907407407407407,0.6666666666666666,0.8947368421052632,0.5,1.0,0.3333333333333333,0.3333333333333333,1.0,0.1253680697853574
14,12,0.7166666666666667,0.39017857142857143,0.49166666666666664,0.631578947368421,0.2222222222222222,0.2,0.25,0.25,0.7333333333333333,0.1922856825213243
14,13,0.9333333333333333,0.8166666666666667,0.75,0.8947368421052632,0.6666666666666666,1.0,0.5,0.5,1.0,0.08984128544790763
14,14,0.9333333333333333,0.8333333333333333,0.8333333333333333,0.9444444444444444,0.8,1.0,0.6666666666666666,0.6666666666666666,1.0,0.08109106670275165
15,0,0.6875,0.2777777777777778,0.46875,0.7894736842105263,0.0,0.0,0.0,0.0,0.9375,0.15919013510249327
15,1,0.9166666666666666,0.5888888888888889,0.6354166666666666,0.8421052631578947,0.4,0.5,0.3333333333333333,0.3333333333333333,0.9375,0.08157134502923978
15,2,0.8833333333333334,0.75,0.65,0.7368421052631579,0.4444444444444444,0.4,0.5,0.5,0.8,0.12641640626754677
15,3,0.8333333333333333,0.7071428571428571,0.625,0.8421052631578947,0.4,1.0,0.25,0.25,1.0,0.12470951492820316
15,4,0.9333333333333333,0.7555555555555555,0.6666666666666666,0.8888888888888888,0.5,1.0,0.3333333333333333,0.3333333333333333,1.0,0.08767469135802469
15,5,0.9166666666666666,0.8095238095238095,0.8020833333333333,0.8947368421052632,0.6666666666666666,0.6666666666666666,0.6666666666666666,0.6666666666666666,0.9375,0.07982625444946576
15,6,0.7291666666666666,0.5435897435897437,0.6666666666666666,0.8947368421052632,0.5,1.0,0.3333333333333333,0.3333333333333333,1.0,0.11963684210526312
15,7,1.0,1.0,0.625,0.8421052631578947,0.4,1.0,0.25,0.25,1.0,0.08563684210526315
15,8,0.8166666666666667,0.5325757575757576,0.7166666666666667,0.8421052631578947,0.5714285714285714,0.6666666666666666,0.5,0.5,0.9333333333333333,0.12716959068076175
15,9,0.9111111111111111,0.7,0.6666666666666666,0.8888888888888888,0.5,1.0,0.3333333333333333,0.3333333333333333,1.0,0.09903031304653662
15,10,0.9375,0.7555555555555555,0.9375,0.8947368421052632,0.75,0.6,1.0,1.0,0.875,0.08816044861859018
15,11,0.7291666666666666,0.5166666666666666,0.6666666666666666,0.8947368421052632,0.5,1.0,0.3333333333333333,0.3333333333333333,1.0,0.11985481044166436
15,12,0.7000000000000001,0.33878968253968256,0.49166666666666664,0.631578947368421,0.2222222222222222,0.2,0.25,0.25,0.7333333333333333,0.20201437007716905
15,13,0.9500000000000001,0.8541666666666666,0.75,0.8947368421052632,0.6666666666666666,1.0,0.5,0.5,1.0,0.09263216374269007
15,14,0.888888888888889,0.7916666666666666,0.8,0.8888888888888888,0.6666666666666666,0.6666666666666666,0.6666666666666666,0.6666666666666666,0.9333333333333333,0.09568063238799246
16,0,0.7291666666666666,0.31666666666666665,0.46875,0.7894736842105263,0.0,0.0,0.0,0.0,0.9375,0.15936409888041464
16,1,0.9270833333333333,0.5888888888888888,0.6354166666666666,0.8421052631578947,0.4,0.5,0.3333333333333333,0.3333333333333333,0.9375,0.07646608187134502
16,2,0.8833333333333334,0.75,0.65,0.7368421052631579,0.4444444444444444,0.4,0.5,0.5,0.8,0.12549185661829101
16,3,0.8,0.6904761904761905,0.625,0.8421052631578947,0.4,1.0,0.25,0.25,1.0,0.11989304934477399
16,4,0.888888888888889,0.6984126984126984,0.8,0.8888888888888888,0.6666666666666666,0.6666666666666666,0.6666666666666666,0.6666666666666666,0.9333333333333333,0.08873367245169923
16,5,0.9375,0.8333333333333333,0.8333333333333333,0.9473684210526315,0.8,1.0,0.6666666666666666,0.6666666666666666,1.0,0.07102514619883042
16,6,0.7395833333333333,0.5435897435897435,0.6666666666666666,0.8947368421052632,0.5,1.0,0.3333333333333333,0.3333333333333333,1.0,0.11402573099415203
16,7,1.0,1.0,0.625,0.8421052631578947,0.4,1.0,0.25,0.25,1.0,0.08152138446692792
16,8,0.8500000000000001,0.6666666666666666,0.7166666666666667,0.8421052631578947,0.5714285714285714,0.6666666666666666,0.5,0.5,0.9333333333333333,0.12644658645884738
16,9,0.8666666666666667,0.4777777777777778,0.4666666666666667,0.7777777777777778,0.0,0.0,0.0,0.0,0.9333333333333333,0.11910918436810856
16,10,0.9583333333333334,0.8055555555555556,0.8020833333333333,0.8947368421052632,0.6666666666666666,0.6666666666666666,0.6666666666666666,0.6666666666666666,0.9375,0.0794586092730411
16,11,0.6458333333333333,0.47883597883597884,0.5,0.8421052631578947,0.0,0.0,0.0,0.0,1.0,0.12752982456140352
16,12,0.7166666666666668,0.35962301587301587,0.49166666666666664,0.631578947368421,0.2222222222222222,0.2,0.25,0.25,0.7333333333333333,0.20335792548830847
16,13,0.9666666666666667,0.9166666666666666,0.75,0.8947368421052632,0.6666666666666666,1.0,0.5,0.5,1.0,0.08841052631578945
16,14,0.8444444444444444,0.7666666666666666,0.8,0.8888888888888888,0.6666666666666666,0.6666666666666666,0.6666666666666666,0.6666666666666666,0.9333333333333333,0.09158148148148149
17,0,0.7083333333333334,0.2869047619047619,0.46875,0.7894736842105263,0.0,0.0,0.0,0.0,0.9375,0.15911918014568324
17,1,0.9166666666666666,0.5888888888888889,0.8020833333333333,0.8947368421052632,0.6666666666666666,0.6666666666666666,0.6666666666666666,0.6666666666666666,0.9375,0.08799610065289075
17,2,0.8666666666666668,0.6666666666666666,0.5916666666666667,0.7894736842105263,0.3333333333333333,0.5,0.25,0.25,0.9333333333333333,0.12171657643601788
17,3,0.8166666666666667,0.7083333333333333,0.75,0.8947368421052632,0.6666666666666666,1.0,0.5,0.5,1.0,0.12727312645012734
17,4,0.888888888888889,0.6984126984126984,0.6666666666666666,0.8888888888888888,0.5,1.0,0.3333333333333333,0.3333333333333333,1.0,0.08710148750423964
17,5,0.9166666666666666,0.8095238095238095,0.7708333333333333,0.8421052631578947,0.5714285714285714,0.5,0.6666666666666666,0.6666666666666666,0.875,0.09334239976676874
17,6,0.7708333333333333,0.5833333333333333,0.6666666666666666,0.8947368421052632,0.5,1.0,0.3333333333333333,0.3333333333333333,1.0,0.1105561403508772
17,7,1.0,1.0,0.75,0.8947368421052632,0.6666666666666666,1.0,0.5,0.5,1.0,0.07860409356725145
17,8,0.7666666666666666,0.47632575757575757,0.7166666666666667,0.8421052631578947,0.5714285714285714,0.6666666666666666,0.5,0.5,0.9333333333333333,0.13398358834793314
17,9,0.8666666666666666,0.5,0.4666666666666667,0.7777777777777778,0.0,0.0,0.0,0.0,0.9333333333333333,0.11791111111111113
17,10,0.9583333333333334,0.8055555555555556,0.9375,0.8947368421052632,0.75,0.6,1.0,1.0,0.875,0.08893363139187403
17,11,0.7083333333333333,0.5074074074074074,0.6666666666666666,0.8947368421052632,0.5,1.0,0.3333333333333333,0.3333333333333333,1.0,0.12047225571406782
17,12,0.7166666666666668,0.35962301587301587,0.49166666666666664,0.631578947368421,0.2222222222222222,0.2,0.25,0.25,0.7333333333333333,0.20231142307000166
17,13,0.9666666666666667,0.8875,0.75,0.8947368421052632,0.6666666666666666,1.0,0.5,0.5,1.0,0.08400899894213971
17,14,0.8777777777777778,0.7777777777777778,0.8333333333333333,0.9444444444444444,0.8,1.0,0.6666666666666666,0.6666666666666666,1.0,0.0864006172839506
18,0,0.7083333333333334,0.28888888888888886,0.4375,0.7368421052631579,0.0,0.0,0.0,0.0,0.875,0.16003860833365915
18,1,0.9166666666666666,0.5888888888888889,0.7708333333333333,0.8421052631578947,0.5714285714285714,0.5,0.6666666666666666,0.6666666666666666,0.875,0.08943504455903432
18,2,0.9000000000000001,0.7291666666666666,0.5916666666666667,0.7894736842105263,0.3333333333333333,0.5,0.25,0.25,0.9333333333333333,0.11526414102465074
18,3,0.7166666666666667,0.6451048951048951,0.625,0.8421052631578947,0.4,1.0,0.25,0.25,1.0,0.13336315789473682
18,4,0.9111111111111112,0.7222222222222223,0.6333333333333333,0.8333333333333334,0.4,0.5,0.3333333333333333,0.3333333333333333,0.9333333333333333,0.08891851851851854
18,5,0.9166666666666666,0.8095238095238095,0.8333333333333333,0.9473684210526315,0.8,1.0,0.6666666666666666,0.6666666666666666,1.0,0.07754444444444443
18,6,0.7395833333333333,0.5435897435897437,0.6666666666666666,0.8947368421052632,0.5,1.0,0.3333333333333333,0.3333333333333333,1.0,0.11588187134502925
18,7,1.0,1.0,0.75,0.8947368421052632,0.6666666666666666,1.0,0.5,0.5,1.0,0.07519861436515046
18,8,0.7333333333333334,0.4623397435897436,0.7166666666666667,0.8421052631578947,0.5714285714285714,0.6666666666666666,0.5,0.5,0.9333333333333333,0.1411718237273131
18,9,0.888888888888889,0.5333333333333333,0.4666666666666667,0.7777777777777778,0.0,0.0,0.0,0.0,0.9333333333333333,0.11259668501407244
18,10,0.9791666666666666,0.9166666666666665,0.96875,0.9473684210526315,0.8571428571428571,0.75,1.0,1.0,0.9375,0.08190969543482614
18,11,0.6875,0.49831649831649827,0.6666666666666666,0.8947368421052632,0.5,1.0,0.3333333333333333,0.3333333333333333,1.0,0.12202191261539719
18,12,0.6916666666666667,0.33809523809523806,0.525,0.6842105263157895,0.25,0.25,0.25,0.25,0.8,0.19992105263157894
18,13,0.9500000000000001,0.8541666666666666,0.625,0.8421052631578947,0.4,1.0,0.25,0.25,1.0,0.09903402864326043
18,14,0.8444444444444444,0.7666666666666666,0.8333333333333333,0.9444444444444444,0.8,1.0,0.6666666666666666,0.6666666666666666,1.0,0.08854567901234568
19,0,0.6875,0.26868686868686864,0.5,0.8421052631578947,0.0,0.0,0.0,0.0,1.0,0.1543169590643275
19,1,0.9166666666666667,0.5888888888888888,0.46875,0.7894736842105263,0.0,0.0,0.0,0.0,0.9375,0.08275555555555554
19,2,0.9,0.775,0.7166666666666667,0.8421052631578947,0.5714285714285714,0.6666666666666666,0.5,0.5,0.9333333333333333,0.10781412379978242
19,3,0.75,0.6738095238095239,0.625,0.8421052631578947,0.4,1.0,0.25,0.25,1.0,0.12628479532163742
19,4,0.9777777777777777,0.9166666666666665,0.6666666666666666,0.8888888888888888,0.5,1.0,0.3333333333333333,0.3333333333333333,1.0,0.07949730923917744
19,5,0.9166666666666666,0.8095238095238095,0.8020833333333333,0.8947368421052632,0.6666666666666666,0.6666666666666666,0.6666666666666666,0.6666666666666666,0.9375,0.09211984757118652
19,6,0.7395833333333333,0.5435897435897437,0.6666666666666666,0.8947368421052632,0.5,1.0,0.3333333333333333,0.3333333333333333,1.0,0.11099181286549709
19,7,0.9666666666666667,0.9166666666666666,0.75,0.8947368421052632,0.6666666666666666,1.0,0.5,0.5,1.0,0.08628707586079458
19,8,0.7166666666666667,0.45192307692307687,0.7166666666666667,0.8421052631578947,0.5714285714285714,0.6666666666666666,0.5,0.5,0.9333333333333333,0.1422202684947354
19,9,0.888888888888889,0.6666666666666667,0.5,0.8333333333333334,0.0,0.0,0.0,0.0,1.0,0.110641975308642
19,10,0.9791666666666666,0.9166666666666665,0.8020833333333333,0.8947368421052632,0.6666666666666666,0.6666666666666666,0.6666666666666666,0.6666666666666666,0.9375,0.08170044909395009
19,11,0.7083333333333333,0.5074074074074074,0.6666666666666666,0.8947368421052632,0.5,1.0,0.3333333333333333,0.3333333333333333,1.0,0.1188434295861921
19,12,0.7000000000000001,0.34851190476190474,0.49166666666666664,0.631578947368421,0.2222222222222222,0.2,0.25,0.25,0.7333333333333333,0.19791840903424182
19,13,0.9666666666666667,0.8875,0.75,0.8947368421052632,0.6666666666666666,1.0,0.5,0.5,1.0,0.0875976311989088
19,14,0.8222222222222222,0.7575757575757576,0.8333333333333333,0.9444444444444444,0.8,1.0,0.6666666666666666,0.6666666666666666,1.0,0.09867654320987654
20,0,0.75,0.3206349206349206,0.46875,0.7894736842105263,0.0,0.0,0.0,0.0,0.9375,0.14854695911153024
20,1,0.9166666666666666,0.5888888888888889,0.6354166666666666,0.8421052631578947,0.4,0.5,0.3333333333333333,0.3333333333333333,0.9375,0.08587709912322632
20,2,0.8833333333333334,0.6845238095238095,0.65,0.7368421052631579,0.4444444444444444,0.4,0.5,0.5,0.8,0.12841177251989522
20,3,0.75,0.6738095238095239,0.625,0.8421052631578947,0.4,1.0,0.25,0.25,1.0,0.12825555555555557
20,4,0.9333333333333333,0.8333333333333333,0.8,0.8888888888888888,0.6666666666666666,0.6666666666666666,0.6666666666666666,0.6666666666666666,0.9333333333333333,0.09271823063067204
20,5,0.9166666666666666,0.8095238095238095,0.8020833333333333,0.8947368421052632,0.6666666666666666,0.6666666666666666,0.6666666666666666,0.6666666666666666,0.9375,0.08979179769591322
20,6,0.8125,0.75,0.5,0.8421052631578947,0.0,0.0,0.0,0.0,1.0,0.10936866440934427
20,7,1.0,1.0,0.875,0.9473684210526315,0.8571428571428571,1.0,0.75,0.75,1.0,0.07960105874945583
20,8,0.7333333333333334,0.4623397435897436,0.7166666666666667,0.8421052631578947,0.5714285714285714,0.6666666666666666,0.5,0.5,0.9333333333333333,0.13757234999360188
20,9,0.9111111111111112,0.7,0.5,0.8333333333333334,0.0,0.0,0.0,0.0,1.0,0.11247530864197532
20,10,0.9791666666666666,0.9166666666666665,0.8020833333333333,0.8947368421052632,0.6666666666666666,0.6666666666666666,0.6666666666666666,0.6666666666666666,0.9375,0.08203223384374202
20,11,0.7083333333333333,0.5074074074074074,0.6666666666666666,0.8947368421052632,0.5,1.0,0.3333333333333333,0.3333333333333333,1.0,0.11853581823789186
20,12,0.7000000000000001,0.34851190476190474,0.49166666666666664,0.631578947368421,0.2222222222222222,0.2,0.25,0.25,0.7333333333333333,0.20115493481054325
20,13,0.9666666666666667,0.9166666666666666,0.5,0.7894736842105263,0.0,0.0,0.0,0.0,1.0,0.09801403508771929
20,14,0.8222222222222222,0.7575757575757576,0.8333333333333333,0.9444444444444444,0.8,1.0,0.6666666666666666,0.6666666666666666,1.0,0.09762777777777776
21,0,0.7916666666666666,0.3595238095238096,0.5,0.8421052631578947,0.0,0.0,0.0,0.0,1.0,0.14892972417592668
21,1,0.9166666666666666,0.5888888888888889,0.8020833333333333,0.8947368421052632,0.6666666666666666,0.6666666666666666,0.6666666666666666,0.6666666666666666,0.9375,0.08216341137595251
21,2,0.9,0.7678571428571428,0.6833333333333333,0.7894736842105263,0.5,0.5,0.5,0.5,0.8666666666666667,0.1237661560715544
21,3,0.7666666666666667,0.6785714285714286,0.625,0.8421052631578947,0.4,1.0,0.25,0.25,1.0,0.1252169590643275
21,4,0.9555555555555556,0.8666666666666667,0.6666666666666666,0.8888888888888888,0.5,1.0,0.3333333333333333,0.3333333333333333,1.0,0.08423249583638838
21,5,0.9166666666666666,0.8095238095238095,0.8020833333333333,0.8947368421052632,0.6666666666666666,0.6666666666666666,0.6666666666666666,0.6666666666666666,0.9375,0.09040288230451105
21,6,0.7916666666666667,0.5909090909090908,0.6354166666666666,0.8421052631578947,0.4,0.5,0.3333333333333333,0.3333333333333333,0.9375,0.11728700444597095
21,7,0.9666666666666667,0.9166666666666666,0.5,0.7894736842105263,0.0,0.0,0.0,0.0,1.0,0.09668521672034912
21,8,0.75,0.4757326007326007,0.7166666666666667,0.8421052631578947,0.5714285714285714,0.6666666666666666,0.5,0.5,0.9333333333333333,0.13540467836257308
21,9,0.9111111111111111,0.7,0.5,0.8333333333333334,0.0,0.0,0.0,0.0,1.0,0.10980061372308346
21,10,0.9791666666666666,0.9166666666666665,0.96875,0.9473684210526315,0.8571428571428571,0.75,1.0,1.0,0.9375,0.08065873740398004
21,11,0.6875,0.5,0.5,0.8421052631578947,0.0,0.0,0.0,0.0,1.0,0.11794502923976609
21,12,0.7000000000000001,0.34851190476190474,0.49166666666666664,0.631578947368421,0.2222222222222222,0.2,0.25,0.25,0.7333333333333333,0.1978048268170343
21,13,0.975,0.8875,0.625,0.8421052631578947,0.4,1.0,0.25,0.25,1.0,0.09515672514619881
21,14,0.8222222222222222,0.7575757575757576,0.6666666666666666,0.8888888888888888,0.5,1.0,0.3333333333333333,0.3333333333333333,1.0,0.09841260730349856
22,0,0.7083333333333334,0.2869047619047619,0.4375,0.7368421052631579,0.0,0.0,0.0,0.0,0.875,0.16291825647670677
22,1,0.9166666666666666,0.5888888888888889,0.8020833333333333,0.8947368421052632,0.6666666666666666,0.6666666666666666,0.6666666666666666,0.6666666666666666,0.9375,0.08179609212908015
22,2,0.9,0.6220238095238095,0.5916666666666667,0.7894736842105263,0.3333333333333333,0.5,0.25,0.25,0.9333333333333333,0.11046081871345031
22,3,0.7666666666666667,0.5654761904761905,0.5916666666666667,0.7894736842105263,0.3333333333333333,0.5,0.25,0.25,0.9333333333333333,0.13798789625440305
22,4,0.9777777777777777,0.9166666666666665,0.8333333333333333,0.9444444444444444,0.8,1.0,0.6666666666666666,0.6666666666666666,1.0,0.08264326429885796
22,5,0.8958333333333334,0.6984126984126984,0.6666666666666666,0.8947368421052632,0.5,1.0,0.3333333333333333,0.3333333333333333,1.0,0.09411812865497078
22,6,0.7916666666666666,0.6388888888888888,0.6666666666666666,0.8947368421052632,0.5,1.0,0.3333333333333333,0.3333333333333333,1.0,0.10716273715860432
22,7,0.9583333333333334,0.8541666666666666,0.5,0.7894736842105263,0.0,0.0,0.0,0.0,1.0,0.10669941520467835
22,8,0.7000000000000001,0.4520833333333333,0.7166666666666667,0.8421052631578947,0.5714285714285714,0.6666666666666666,0.5,0.5,0.9333333333333333,0.13753121157230672
22,9,0.8666666666666667,0.4777777777777778,0.5,0.8333333333333334,0.0,0.0,0.0,0.0,1.0,0.11209353192945032
22,10,0.9791666666666666,0.9166666666666665,0.8333333333333333,0.9473684210526315,0.8,1.0,0.6666666666666666,0.6666666666666666,1.0,0.07677901275421874
22,11,0.6875,0.5,0.6666666666666666,0.8947368421052632,0.5,1.0,0.3333333333333333,0.3333333333333333,1.0,0.11553562690525361
22,12,0.7166666666666668,0.35962301587301587,0.43333333333333335,0.6842105263157895,0.0,0.0,0.0,0.0,0.8666666666666667,0.19429707602339183
22,13,0.9833333333333334,0.95,0.75,0.8947368421052632,0.6666666666666666,1.0,0.5,0.5,1.0,0.08904931341514773
22,14,0.8,0.4444444444444444,0.5,0.8333333333333334,0.0,0.0,0.0,0.0,1.0,0.1112888888888889
23,0,0.7083333333333334,0.2869047619047619,0.5,0.8421052631578947,0.0,0.0,0.0,0.0,1.0,0.14734153370070263
23,1,0.9583333333333334,0.8055555555555556,0.6666666666666666,0.8947368421052632,0.5,1.0,0.3333333333333333,0.3333333333333333,1.0,0.0777672514619883
23,2,0.8500000000000001,0.7182539682539683,0.75,0.8947368421052632,0.6666666666666666,1.0,0.5,0.5,1.0,0.12243017183955954
23,3,0.7666666666666667,0.5964285714285714,0.625,0.8421052631578947,0.4,1.0,0.25,0.25,1.0,0.1318071450808006
23,4,0.9555555555555556,0.8666666666666667,0.6666666666666666,0.8888888888888888,0.5,1.0,0.3333333333333333,0.3333333333333333,1.0,0.081977291515764
23,5,0.8958333333333333,0.5555555555555556,0.5,0.8421052631578947,0.0,0.0,0.0,0.0,1.0,0.094587134502924
23,6,0.8125,0.6,0.6666666666666666,0.8947368421052632,0.5,1.0,0.3333333333333333,0.3333333333333333,1.0,0.10263040935672514
23,7,1.0,1.0,0.5,0.7894736842105263,0.0,0.0,0.0,0.0,1.0,0.09738304093567252
23,8,0.6499999999999999,0.4291666666666667,0.5916666666666667,0.7894736842105263,0.3333333333333333,0.5,0.25,0.25,0.9333333333333333,0.14117894736842104
23,9,0.8666666666666667,0.4777777777777778,0.5,0.8333333333333334,0.0,0.0,0.0,0.0,1.0,0.11483811484341154
23,10,0.9791666666666666,0.9166666666666665,0.8020833333333333,0.8947368421052632,0.6666666666666666,0.6666666666666666,0.6666666666666666,0.6666666666666666,0.9375,0.0804315008491721
23,11,0.7083333333333333,0.5074074074074074,0.6666666666666666,0.8947368421052632,0.5,1.0,0.3333333333333333,0.3333333333333333,1.0,0.1180787663342358
23,12,0.6583333333333333,0.32067099567099566,0.5583333333333333,0.7368421052631579,0.2857142857142857,0.3333333333333333,0.25,0.25,0.8666666666666667,0.1884356725146199
23,13,0.9833333333333334,0.95,0.625,0.8421052631578947,0.4,1.0,0.25,0.25,1.0,0.09650467836257312
23,14,0.8222222222222223,0.45833333333333326,0.5,0.8333333333333334,0.0,0.0,0.0,0.0,1.0,0.1155925925925926
24,0,0.75,0.3194444444444444,0.5,0.8421052631578947,0.0,0.0,0.0,0.0,1.0,0.1391597337288105
24,1,0.9166666666666666,0.5888888888888889,0.6354166666666666,0.8421052631578947,0.4,0.5,0.3333333333333333,0.3333333333333333,0.9375,0.07852395181011218
24,2,0.9,0.7678571428571428,0.775,0.7894736842105263,0.6,0.5,0.75,0.75,0.8,0.12448657576364082
24,3,0.7833333333333333,0.7166666666666667,0.625,0.8421052631578947,0.4,1.0,0.25,0.25,1.0,0.12987845443977175
24,4,0.9777777777777777,0.9166666666666665,0.5,0.8333333333333334,0.0,0.0,0.0,0.0,1.0,0.08136255632667615
24,5,0.9375,0.7555555555555555,0.6666666666666666,0.8947368421052632,0.5,1.0,0.3333333333333333,0.3333333333333333,1.0,0.08393918128654969
24,6,0.8541666666666666,0.6666666666666666,0.6666666666666666,0.8947368421052632,0.5,1.0,0.3333333333333333,0.3333333333333333,1.0,0.09394853801169589
24,7,0.9833333333333334,0.95,0.5,0.7894736842105263,0.0,0.0,0.0,0.0,1.0,0.09603522951678337
24,8,0.7333333333333334,0.4623397435897436,0.7166666666666667,0.8421052631578947,0.5714285714285714,0.6666666666666666,0.5,0.5,0.9333333333333333,0.13315604121476526
24,9,0.888888888888889,0.5333333333333333,0.5,0.8333333333333334,0.0,0.0,0.0,0.0,1.0,0.10856172839506172
24,10,0.9583333333333334,0.8666666666666667,0.8333333333333333,0.9473684210526315,0.8,1.0,0.6666666666666666,0.6666666666666666,1.0,0.08475596786585589
24,11,0.7291666666666666,0.5166666666666666,0.5,0.8421052631578947,0.0,0.0,0.0,0.0,1.0,0.11384215258265393
24,12,0.7166666666666668,0.35962301587301587,0.5583333333333333,0.7368421052631579,0.2857142857142857,0.3333333333333333,0.25,0.25,0.8666666666666667,0.1772959064327485
24,13,1.0,1.0,0.625,0.8421052631578947,0.4,1.0,0.25,0.25,1.0,0.09102503171091358
24,14,0.8,0.6464646464646464,0.5,0.8333333333333334,0.0,0.0,0.0,0.0,1.0,0.10791481481481482
25,0,0.7708333333333334,0.33730158730158727,0.5,0.8421052631578947,0.0,0.0,0.0,0.0,1.0,0.13994213945430883
25,1,0.9375,0.6388888888888888,0.6354166666666666,0.8421052631578947,0.4,0.5,0.3333333333333333,0.3333333333333333,0.9375,0.07441169590643275
25,2,0.9,0.7678571428571428,0.7166666666666667,0.8421052631578947,0.5714285714285714,0.6666666666666666,0.5,0.5,0.9333333333333333,0.12234152046783625
25,3,0.8166666666666667,0.615909090909091,0.625,0.8421052631578947,0.4,1.0,0.25,0.25,1.0,0.12934307715743593
25,4,0.9777777777777777,0.9166666666666665,0.5,0.8333333333333334,0.0,0.0,0.0,0.0,1.0,0.07988950617283952
25,5,0.9375,0.8333333333333333,0.5,0.8421052631578947,0.0,0.0,0.0,0.0,1.0,0.0919309941520468
25,6,0.8125,0.75,0.6666666666666666,0.8947368421052632,0.5,1.0,0.3333333333333333,0.3333333333333333,1.0,0.09919516217409341
25,7,0.9666666666666667,0.8875,0.5,0.7894736842105263,0.0,0.0,0.0,0.0,1.0,0.10521060015262736
25,8,0.7166666666666667,0.44999999999999996,0.7166666666666667,0.8421052631578947,0.5714285714285714,0.6666666666666666,0.5,0.5,0.9333333333333333,0.14257599343387053
25,9,0.8666666666666667,0.4777777777777778,0.5,0.8333333333333334,0.0,0.0,0.0,0.0,1.0,0.11977345679012347
25,10,1.0,1.0,0.6666666666666666,0.8947368421052632,0.5,1.0,0.3333333333333333,0.3333333333333333,1.0,0.0729894736842105
25,11,0.7083333333333333,0.5074074074074074,0.6666666666666666,0.8947368421052632,0.5,1.0,0.3333333333333333,0.3333333333333333,1.0,0.11401370792661042
25,12,0.7166666666666668,0.35962301587301587,0.5583333333333333,0.7368421052631579,0.2857142857142857,0.3333333333333333,0.25,0.25,0.8666666666666667,0.1778011695906433
25,13,1.0,1.0,0.625,0.8421052631578947,0.4,1.0,0.25,0.25,1.0,0.09186842105263159
25,14,0.7555555555555555,0.5833333333333333,0.5,0.8333333333333334,0.0,0.0,0.0,0.0,1.0,0.11709876543209877
26,0,0.7083333333333334,0.2869047619047619,0.5,0.8421052631578947,0.0,0.0,0.0,0.0,1.0,0.14510944074007845
26,1,0.9583333333333334,0.8055555555555556,0.6666666666666666,0.8947368421052632,0.5,1.0,0.3333333333333333,0.3333333333333333,1.0,0.07565614035087719
26,2,0.8833333333333333,0.75,0.75,0.8947368421052632,0.6666666666666666,1.0,0.5,0.5,1.0,0.1202385964912281
26,3,0.75,0.5916666666666667,0.625,0.8421052631578947,0.4,1.0,0.25,0.25,1.0,0.13738304093567252
26,4,0.9777777777777777,0.9166666666666665,0.5,0.8333333333333334,0.0,0.0,0.0,0.0,1.0,0.08249814814814814
26,5,0.8958333333333334,0.6666666666666667,0.5,0.8421052631578947,0.0,0.0,0.0,0.0,1.0,0.09536725146198831
26,6,0.7708333333333333,0.6324786324786325,0.6354166666666666,0.8421052631578947,0.4,0.5,0.3333333333333333,0.3333333333333333,0.9375,0.1103230312537357
26,7,0.9833333333333334,0.95,0.5,0.7894736842105263,0.0,0.0,0.0,0.0,1.0,0.10017251461988304
26,8,0.7666666666666666,0.47632575757575757,0.7166666666666667,0.8421052631578947,0.5714285714285714,0.6666666666666666,0.5,0.5,0.9333333333333333,0.13480339322397283
26,9,0.8666666666666667,0.4777777777777778,0.5,0.8333333333333334,0.0,0.0,0.0,0.0,1.0,0.11373641975308642
26,10,0.9583333333333334,0.8666666666666667,0.8333333333333333,0.9473684210526315,0.8,1.0,0.6666666666666666,0.6666666666666666,1.0,0.07918899316168293
26,11,0.7083333333333333,0.5074074074074074,0.6666666666666666,0.8947368421052632,0.5,1.0,0.3333333333333333,0.3333333333333333,1.0,0.114919209119241
26,12,0.7166666666666668,0.35962301587301587,0.49166666666666664,0.631578947368421,0.2222222222222222,0.2,0.25,0.25,0.7333333333333333,0.19256197098025515
26,13,1.0,1.0,0.625,0.8421052631578947,0.4,1.0,0.25,0.25,1.0,0.09230136184893019
26,14,0.8,0.6464646464646464,0.5,0.8333333333333334,0.0,0.0,0.0,0.0,1.0,0.10880370370370371
27,0,0.75,0.3206349206349206,0.5,0.8421052631578947,0.0,0.0,0.0,0.0,1.0,0.13995187063494355
27,1,0.9479166666666666,0.7555555555555555,0.5,0.8421052631578947,0.0,0.0,0.0,0.0,1.0,0.08073567251461988
27,2,0.8833333333333334,0.6845238095238095,0.7166666666666667,0.8421052631578947,0.5714285714285714,0.6666666666666666,0.5,0.5,0.9333333333333333,0.12119590643274854
27,3,0.7666666666666667,0.5964285714285714,0.625,0.8421052631578947,0.4,1.0,0.25,0.25,1.0,0.13370486469909781
27,4,0.9777777777777777,0.9166666666666665,0.5,0.8333333333333334,0.0,0.0,0.0,0.0,1.0,0.08400308155823678
27,5,0.9270833333333334,0.5888888888888889,0.5,0.8421052631578947,0.0,0.0,0.0,0.0,1.0,0.08999239766081871
27,6,0.7708333333333333,0.6324786324786325,0.6354166666666666,0.8421052631578947,0.4,0.5,0.3333333333333333,0.3333333333333333,0.9375,0.11483188716756064
27,7,0.9666666666666667,0.8875,0.5,0.7894736842105263,0.0,0.0,0.0,0.0,1.0,0.10715087719298248
27,8,0.7666666666666667,0.4821428571428571,0.5916666666666667,0.7894736842105263,0.3333333333333333,0.5,0.25,0.25,0.9333333333333333,0.1316391812865497
27,9,0.8222222222222223,0.4206349206349207,0.5,0.8333333333333334,0.0,0.0,0.0,0.0,1.0,0.12281172839506173
27,10,1.0,1.0,0.6666666666666666,0.8947368421052632,0.5,1.0,0.3333333333333333,0.3333333333333333,1.0,0.07059649122807019
27,11,0.7083333333333333,0.5074074074074074,0.6666666666666666,0.8947368421052632,0.5,1.0,0.3333333333333333,0.3333333333333333,1.0,0.11682355218919127
27,12,0.7166666666666668,0.35962301587301587,0.5583333333333333,0.7368421052631579,0.2857142857142857,0.3333333333333333,0.25,0.25,0.8666666666666667,0.18392367935417084
27,13,1.0,1.0,0.625,0.8421052631578947,0.4,1.0,0.25,0.25,1.0,0.09006374269005846
27,14,0.8222222222222222,0.7575757575757576,0.5,0.8333333333333334,0.0,0.0,0.0,0.0,1.0,0.10531234567901233
28,0,0.7708333333333333,0.33730158730158727,0.5,0.8421052631578947,0.0,0.0,0.0,0.0,1.0,0.14429707602339184
28,1,0.9375,0.7555555555555555,0.6354166666666666,0.8421052631578947,0.4,0.5,0.3333333333333333,0.3333333333333333,0.9375,0.0825790023580348
28,2,0.9,0.7678571428571428,0.75,0.8947368421052632,0.6666666666666666,1.0,0.5,0.5,1.0,0.11056081871345026
28,3,0.8083333333333333,0.6083333333333334,0.625,0.8421052631578947,0.4,1.0,0.25,0.25,1.0,0.13866666666666666
28,4,0.9777777777777777,0.9166666666666665,0.8333333333333333,0.9444444444444444,0.8,1.0,0.6666666666666666,0.6666666666666666,1.0,0.08493487042330083
28,5,0.9791666666666666,0.9166666666666665,0.5,0.8421052631578947,0.0,0.0,0.0,0.0,1.0,0.08631461988304094
28,6,0.7708333333333333,0.6324786324786325,0.6666666666666666,0.8947368421052632,0.5,1.0,0.3333333333333333,0.3333333333333333,1.0,0.111
28,7,0.9666666666666667,0.8875,0.625,0.8421052631578947,0.4,1.0,0.25,0.25,1.0,0.09970935672514619
28,8,0.7333333333333334,0.6547619047619047,0.7166666666666667,0.8421052631578947,0.5714285714285714,0.6666666666666666,0.5,0.5,0.9333333333333333,0.13283450292397664
28,9,0.8222222222222223,0.4206349206349207,0.5,0.8333333333333334,0.0,0.0,0.0,0.0,1.0,0.11871049382716052
28,10,0.9583333333333334,0.8055555555555556,0.6666666666666666,0.8947368421052632,0.5,1.0,0.3333333333333333,0.3333333333333333,1.0,0.07882807017543861
28,11,0.7083333333333333,0.5074074074074074,0.6666666666666666,0.8947368421052632,0.5,1.0,0.3333333333333333,0.3333333333333333,1.0,0.11358457148512091
28,12,0.7000000000000001,0.33878968253968256,0.49166666666666664,0.631578947368421,0.2222222222222222,0.2,0.25,0.25,0.7333333333333333,0.19615243442564345
28,13,1.0,1.0,0.625,0.8421052631578947,0.4,1.0,0.25,0.25,1.0,0.08934327485380118
28,14,0.7555555555555555,0.6324786324786325,0.5,0.8333333333333334,0.0,0.0,0.0,0.0,1.0,0.10865123456790121
29,0,0.75,0.3206349206349206,0.5,0.8421052631578947,0.0,0.0,0.0,0.0,1.0,0.1381824303238494
29,1,0.9583333333333334,0.8666666666666667,0.5,0.8421052631578947,0.0,0.0,0.0,0.0,1.0,0.07452829138035613
29,2,0.9,0.7678571428571428,0.75,0.8947368421052632,0.6666666666666666,1.0,0.5,0.5,1.0,0.1140859649122807
29,3,0.7833333333333333,0.6019230769230769,0.625,0.8421052631578947,0.4,1.0,0.25,0.25,1.0,0.13515321637426903
29,4,0.9888888888888889,0.9166666666666666,0.5,0.8333333333333334,0.0,0.0,0.0,0.0,1.0,0.07991419753086419
29,5,0.9166666666666666,0.7,0.5,0.8421052631578947,0.0,0.0,0.0,0.0,1.0,0.09560116959064327
29,6,0.7916666666666666,0.6388888888888888,0.6354166666666666,0.8421052631578947,0.4,0.5,0.3333333333333333,0.3333333333333333,0.9375,0.11211295382614994
29,7,0.9666666666666667,0.9166666666666666,0.625,0.8421052631578947,0.4,1.0,0.25,0.25,1.0,0.09890215698059968
29,8,0.8083333333333333,0.6904761904761905,0.75,0.8947368421052632,0.6666666666666666,1.0,0.5,0.5,1.0,0.13099298245614036
29,9,0.8,0.4027777777777778,0.4666666666666667,0.7777777777777778,0.0,0.0,0.0,0.0,0.9333333333333333,0.11846058922624467
29,10,1.0,1.0,0.5,0.8421052631578947,0.0,0.0,0.0,0.0,1.0,0.07087660818713451
29,11,0.7604166666666666,0.5277777777777778,0.5,0.8421052631578947,0.0,0.0,0.0,0.0,1.0,0.11791871345029238
29,12,0.7166666666666667,0.35962301587301587,0.5583333333333333,0.7368421052631579,0.2857142857142857,0.3333333333333333,0.25,0.25,0.8666666666666667,0.18674561403508771
29,13,0.9833333333333334,0.9166666666666666,0.625,0.8421052631578947,0.4,1.0,0.25,0.25,1.0,0.09237602339181288
29,14,0.7555555555555555,0.7380952380952381,0.5,0.8333333333333334,0.0,0.0,0.0,0.0,1.0,0.10345461737465006
30,0,0.7291666666666666,0.30277777777777776,0.5,0.8421052631578947,0.0,0.0,0.0,0.0,1.0,0.1430461988304094
30,1,0.9166666666666666,0.7,0.6666666666666666,0.8947368421052632,0.5,1.0,0.3333333333333333,0.3333333333333333,1.0,0.07815044172152734
30,2,0.9,0.7678571428571428,0.775,0.7894736842105263,0.6,0.5,0.75,0.75,0.8,0.11912735450620925
30,3,0.7833333333333333,0.6019230769230769,0.5916666666666667,0.7894736842105263,0.3333333333333333,0.5,0.25,0.25,0.9333333333333333,0.13510055614552818
30,4,0.9777777777777777,0.9166666666666665,0.5,0.8333333333333334,0.0,0.0,0.0,0.0,1.0,0.079232748337064
30,5,0.9166666666666666,0.7222222222222222,0.8020833333333333,0.8947368421052632,0.6666666666666666,0.6666666666666666,0.6666666666666666,0.6666666666666666,0.9375,0.0980163866646766
30,6,0.8333333333333333,0.6555555555555554,0.6354166666666666,0.8421052631578947,0.4,0.5,0.3333333333333333,0.3333333333333333,0.9375,0.10840875632088282
30,7,0.9500000000000001,0.8541666666666666,0.5,0.7894736842105263,0.0,0.0,0.0,0.0,1.0,0.1002288337902844
30,8,0.8,0.6904761904761905,0.75,0.8947368421052632,0.6666666666666666,1.0,0.5,0.5,1.0,0.12610701754385964
30,9,0.8333333333333334,0.42063492063492064,0.5,0.8333333333333334,0.0,0.0,0.0,0.0,1.0,0.11604382716049384
30,10,0.9791666666666666,0.9166666666666665,0.6666666666666666,0.8947368421052632,0.5,1.0,0.3333333333333333,0.3333333333333333,1.0,0.07693201891449873
30,11,0.75,0.5277777777777778,0.6666666666666666,0.8947368421052632,0.5,1.0,0.3333333333333333,0.3333333333333333,1.0,0.11314787090448597
30,12,0.7166666666666668,0.35962301587301587,0.5583333333333333,0.7368421052631579,0.2857142857142857,0.3333333333333333,0.25,0.25,0.8666666666666667,0.17894619883040935
30,13,1.0,1.0,0.625,0.8421052631578947,0.4,1.0,0.25,0.25,1.0,0.09372033018206097
30,14,0.7888888888888889,0.6388888888888888,0.5,0.8333333333333334,0.0,0.0,0.0,0.0,1.0,0.10620987654320989
31,0,0.6875,0.2757936507936508,0.5,0.8421052631578947,0.0,0.0,0.0,0.0,1.0,0.14181671023136133
31,1,0.9375,0.7555555555555555,0.6354166666666666,0.8421052631578947,0.4,0.5,0.3333333333333333,0.3333333333333333,0.9375,0.0812708845195589
31,2,0.9166666666666667,0.7928571428571428,0.75,0.8947368421052632,0.6666666666666666,1.0,0.5,0.5,1.0,0.10546608187134503
31,3,0.7666666666666667,0.5964285714285714,0.625,0.8421052631578947,0.4,1.0,0.25,0.25,1.0,0.1335448447071343
31,4,1.0,1.0,0.6666666666666666,0.8888888888888888,0.5,1.0,0.3333333333333333,0.3333333333333333,1.0,0.07321477025062932
31,5,0.9375,0.8333333333333333,0.5,0.8421052631578947,0.0,0.0,0.0,0.0,1.0,0.09250058479532164
31,6,0.8125,0.6464646464646464,0.6354166666666666,0.8421052631578947,0.4,0.5,0.3333333333333333,0.3333333333333333,0.9375,0.11059772165499347
31,7,0.9666666666666667,0.8875,0.625,0.8421052631578947,0.4,1.0,0.25,0.25,1.0,0.09745263157894736
31,8,0.75,0.46590909090909094,0.7166666666666667,0.8421052631578947,0.5714285714285714,0.6666666666666666,0.5,0.5,0.9333333333333333,0.13325398467076513
31,9,0.8666666666666667,0.5317460317460317,0.5,0.8333333333333334,0.0,0.0,0.0,0.0,1.0,0.11298703703703704
31,10,1.0,1.0,0.5,0.8421052631578947,0.0,0.0,0.0,0.0,1.0,0.07272441347575892
31,11,0.75,0.5555555555555556,0.5,0.8421052631578947,0.0,0.0,0.0,0.0,1.0,0.1219877192982456
31,12,0.7166666666666668,0.35962301587301587,0.5583333333333333,0.7368421052631579,0.2857142857142857,0.3333333333333333,0.25,0.25,0.8666666666666667,0.17288538011695906
31,13,1.0,1.0,0.625,0.8421052631578947,0.4,1.0,0.25,0.25,1.0,0.08259210062261686
31,14,0.8222222222222222,0.7575757575757576,0.5,0.8333333333333334,0.0,0.0,0.0,0.0,1.0,0.10340802469135801
32,0,0.6145833333333334,0.2297979797979798,0.5,0.8421052631578947,0.0,0.0,0.0,0.0,1.0,0.1557269005847953
32,1,0.9270833333333334,0.7,0.6666666666666666,0.8947368421052632,0.5,1.0,0.3333333333333333,0.3333333333333333,1.0,0.0799345029239766
32,2,0.9,0.7678571428571428,0.75,0.8947368421052632,0.6666666666666666,1.0,0.5,0.5,1.0,0.11040877192982454
32,3,0.7916666666666667,0.6019230769230769,0.625,0.8421052631578947,0.4,1.0,0.25,0.25,1.0,0.13005906432748537
32,4,1.0,1.0,0.5,0.8333333333333334,0.0,0.0,0.0,0.0,1.0,0.07913888888888887
32,5,0.9375,0.7555555555555555,0.5,0.8421052631578947,0.0,0.0,0.0,0.0,1.0,0.08826959064327485
32,6,0.8125,0.6464646464646464,0.8020833333333333,0.8947368421052632,0.6666666666666666,0.6666666666666666,0.6666666666666666,0.6666666666666666,0.9375,0.10868837251761625
32,7,0.9666666666666667,0.8875,0.625,0.8421052631578947,0.4,1.0,0.25,0.25,1.0,0.09962468505072565
32,8,0.7833333333333333,0.48541666666666666,0.7166666666666667,0.8421052631578947,0.5714285714285714,0.6666666666666666,0.5,0.5,0.9333333333333333,0.1296725359040336
32,9,0.8222222222222223,0.45833333333333326,0.5,0.8333333333333334,0.0,0.0,0.0,0.0,1.0,0.1149920606494111
32,10,0.9791666666666666,0.9166666666666665,0.5,0.8421052631578947,0.0,0.0,0.0,0.0,1.0,0.07805859158621878
32,11,0.7291666666666666,0.5166666666666666,0.5,0.8421052631578947,0.0,0.0,0.0,0.0,1.0,0.12227368421052631
32,12,0.6833333333333333,0.32767857142857143,0.49166666666666664,0.631578947368421,0.2222222222222222,0.2,0.25,0.25,0.7333333333333333,0.19251096345699448
32,13,1.0,1.0,0.625,0.8421052631578947,0.4,1.0,0.25,0.25,1.0,0.08703157894736842
32,14,0.8111111111111111,0.75,0.5,0.8333333333333334,0.0,0.0,0.0,0.0,1.0,0.10369567901234569
33,0,0.6666666666666666,0.2619047619047619,0.5,0.8421052631578947,0.0,0.0,0.0,0.0,1.0,0.14566832567014032
33,1,0.9583333333333334,0.8666666666666667,0.6666666666666666,0.8947368421052632,0.5,1.0,0.3333333333333333,0.3333333333333333,1.0,0.07137485380116956
33,2,0.9,0.7678571428571428,0.75,0.8947368421052632,0.6666666666666666,1.0,0.5,0.5,1.0,0.11086491228070176
33,3,0.7833333333333334,0.638095238095238,0.625,0.8421052631578947,0.4,1.0,0.25,0.25,1.0,0.1342794559216531
33,4,0.9777777777777777,0.9166666666666665,0.5,0.8333333333333334,0.0,0.0,0.0,0.0,1.0,0.07867820398025716
33,5,0.9583333333333334,0.8666666666666667,0.5,0.8421052631578947,0.0,0.0,0.0,0.0,1.0,0.09113391812865497
33,6,0.8541666666666666,0.6666666666666666,0.6666666666666666,0.8947368421052632,0.5,1.0,0.3333333333333333,0.3333333333333333,1.0,0.0967456140350877
33,7,0.9249999999999999,0.7928571428571428,0.625,0.8421052631578947,0.4,1.0,0.25,0.25,1.0,0.1052327485380117
33,8,0.7833333333333333,0.5185897435897435,0.4666666666666667,0.7368421052631579,0.0,0.0,0.0,0.0,0.9333333333333333,0.13433333333333333
33,9,0.8,0.4027777777777778,0.5,0.8333333333333334,0.0,0.0,0.0,0.0,1.0,0.1177779035191616
33,10,0.9791666666666666,0.9166666666666666,0.5,0.8421052631578947,0.0,0.0,0.0,0.0,1.0,0.07889941520467836
33,11,0.7291666666666666,0.5166666666666666,0.5,0.8421052631578947,0.0,0.0,0.0,0.0,1.0,0.12367535300680989
33,12,0.7166666666666668,0.35962301587301587,0.43333333333333335,0.6842105263157895,0.0,0.0,0.0,0.0,0.8666666666666667,0.17062451750407637
33,13,1.0,1.0,0.625,0.8421052631578947,0.4,1.0,0.25,0.25,1.0,0.08772105263157894
33,14,0.7999999999999999,0.75,0.5,0.8333333333333334,0.0,0.0,0.0,0.0,1.0,0.10411358024691358
